# Quadriceps.jl catalog of rules128.bin (IEEE binary128) — written by build/build_data.jl; do not edit by hand
# relerr128: largest relative monomial error of the rule rounded to binary128, in wider arithmetic; 2^-112 = 1.93e-34 is the machine epsilon
# extendedfile, sha256: the deposit's 80-digit file (rules_extended/ in the Zenodo archive) the binary128 rule was rounded from;
# relerr80: the deposit's measured error of that 80-digit rule (err_extended in its summary.csv)
family	d	p	n	relerr128	extendedfile	sha256	relerr80
gh	2	1	1	0.000e+00	hermite_d2_p1_q1_n1.mp.csv	a302925672b4c1ef2c9dc76c554cb78beb7547e8e0e8e28c988f44b2528c036d	0.000e+00
gh	2	3	4	1.111e-34	hermite_d2_p3_q2_n4.mp.csv	83a9a1b7282b38400a79bde22cec3b19f919738e7becb177f4061220e2a7ed13	3.579e-70
gh	2	5	7	1.408e-34	hermite_d2_p5_q3_n7.mp.csv	ed2e8d091be9ab44265ae614c971e0968d9da6bb8a2929fc20b444ad37caa474	2.677e-69
gh	2	7	12	1.576e-34	hermite_d2_p7_q4_n12.mp.csv	2ca3fb215f607c4e6daf9d3d2a260530c462728399435f6fba37d1851b4e1740	1.235e-69
gh	2	9	18	2.434e-34	hermite_d2_p9_q5_n18.mp.csv	ebf77e83d58b65c68b6cd6f758d278672fcf48c314dec84cac3c366d909684aa	6.772e-69
gh	2	11	25	4.205e-34	hermite_d2_p11_q6_n25.mp.csv	c6f081e7d5670108fb8d9cd603b8c35fdf0471f8858457cc7d92a1d831ffc277	1.121e-79
gh	2	13	34	5.538e-34	hermite_d2_p13_q7_n34.mp.csv	f8f907bf56e5a8de672620c1c10bff370fb77b487764165a4f2a13711b384b6d	8.862e-80
gh	2	15	44	4.508e-34	hermite_d2_p15_q8_n44.mp.csv	cd306d26b4c2886409054e9f2694b2e0ae3fa5dce967d8f8ac051af7b82bf072	1.342e-79
gh	2	17	55	4.603e-34	hermite_d2_p17_q9_n55.mp.csv	175e53caf5eda3d4f0afc49f56102a1ccad192abde4682a89ab5b3cf4c2423f6	6.414e-79
gh	2	19	68	4.011e-34	hermite_d2_p19_q10_n68.mp.csv	f13578e00455432df748dc5fdc07dbe6c83b829da2410516c8a7e93a3bd585c2	6.790e-78
gh	2	21	82	5.157e-34	hermite_d2_p21_q11_n82.mp.csv	0aa18cc3d450a645eb3433013d0e09728acf4799758c75c9500688e85fcc5817	3.043e-77
gh	2	23	97	6.777e-34	hermite_d2_p23_q12_n97.mp.csv	f43d0f2ac1cb3a8396486e37abfd4b8c610575742f2f08eb2bef29b9a2e5fba5	8.652e-74
gh	2	25	114	7.238e-34	hermite_d2_p25_q13_n114.mp.csv	c105f8508db3bf96f276ef68ac667dd70a28758433a31202c23f0839783f7d36	6.523e-71
gh	2	27	132	7.215e-34	hermite_d2_p27_q14_n132.mp.csv	6a3da1477476aba077b542247a0d3c2b2c0024fd38e01f6b565f25db42cd16bd	1.145e-69
gh	2	29	153	7.797e-34	hermite_d2_p29_q15_n153.mp.csv	eca9e38abd70fcdadd78be4d19a2766f21005d4de258032e4437f42f174fd6b6	5.039e-78
gh	2	31	178	8.719e-34	hermite_d2_p31_q16_n178.mp.csv	7f449334953f6d7ddc74e6a1cc0d628a7f1b9386b147d4551aafdd2cfd006986	7.883e-69
gh	2	33	208	4.934e-34	hermite_d2_p33_q17_n208.mp.csv	00621728f9d76b358cc598be71cee67e798915e68450fedf566fcd5147b77e36	7.175e-69
gh	3	1	1	0.000e+00	hermite_d3_p1_q1_n1.mp.csv	fd6f6598b350b52b438b1b822c0d2b0ed98a7281099330d88084771aee3871d1	0.000e+00
gh	3	3	6	6.335e-35	hermite_d3_p3_q2_n6.mp.csv	5db87ab516406c9e110a8c5b91bef7e964701ddaeec84bd9daf33362a7c985f8	5.448e-71
gh	3	5	13	1.737e-34	hermite_d3_p5_q3_n13.mp.csv	7b5277830d93da745340e729d689d490e1cdf352011e93741e0b51fe04d1b926	1.090e-69
gh	3	7	27	2.187e-34	hermite_d3_p7_q4_n27.mp.csv	a12ec4ce867f3a251531f32bc1db971b08a8d738a80e6d21d07ae7a55943bb76	5.972e-69
gh	3	9	45	2.659e-34	hermite_d3_p9_q5_n45.mp.csv	350bd317306deea392e240faaf069167a7be45d1b3e2175193ce3f11836bb6c2	9.279e-69
gh	3	11	77	3.509e-34	hermite_d3_p11_q6_n77.mp.csv	c3dc7a42c329da740c7801f2b10922636347c8ccf5b445a84323738d8c23cfa0	1.008e-79
gh	3	13	128	3.344e-34	hermite_d3_p13_q7_n128.mp.csv	fdbf3b092c0f410161613c18953db182f82fdd7f371daaede1d4ff4d80edba07	6.338e-80
gh	3	15	184	3.655e-34	hermite_d3_p15_q8_n184.mp.csv	5a3523f01865bddfac66951ddd34424bb6f5243416ea4077ca6751b168e1862b	5.180e-79
gh	3	17	264	3.365e-34	hermite_d3_p17_q9_n264.mp.csv	a3606f989b1e3eacc2c6af4089d41ec298347fdc109633a7fe7bd0329c4d0b68	2.643e-78
gh	3	19	354	4.654e-34	hermite_d3_p19_q10_n354.mp.csv	7aebb032166fd23466bb7d7b1f4e7e6e99424e8a58d6fa9d81fd882f044c99da	1.413e-69
gh	3	21	476	5.538e-34	hermite_d3_p21_q11_n476.mp.csv	466e703dedc6470e532e45594abb428d11a3fdb88fffa5d0629cc7ed3eb310ff	1.752e-71
gh	3	23	597	4.522e-34	hermite_d3_p23_q12_n597.mp.csv	92183d9fa7729a3e51bb9f45a543cb711a87b2101ecdd7435c00610dfa0bf737	2.974e-72
gh	3	25	776	5.231e-34	hermite_d3_p25_q13_n776.mp.csv	8be16124a8bf01955a10afa46b8e94c99e3722abf962d6429e2c8b6539fdead3	5.128e-73
gh	3	27	966	5.220e-34	hermite_d3_p27_q14_n966.mp.csv	0b0f21c9938268bde927e270c1b84047c14c3e4e0dafab15b3bb031bc34f0869	2.642e-71
gh	3	29	1242	6.385e-34	hermite_d3_p29_q15_n1242.mp.csv	7ea10fe7c1fc93ff01f5391c2dbeda5da60048c89ed6489d6f2d11a404767b76	6.324e-72
gh	3	31	1848	4.763e-34	hermite_d3_p31_q16_n1848.mp.csv	f5a7d4d160d030f232d830f6ac7ba66d0ae74d46743adfce0a4610d95717dec1	2.070e-71
gh	3	33	2226	5.438e-34	hermite_d3_p33_q17_n2226.mp.csv	ee028bee4403b25e92f0c0536cadb627dcecafbbc862fa03cdfeab3fe1cd41f7	1.080e-69
gh	4	1	1	0.000e+00	hermite_d4_p1_q1_n1.mp.csv	cae2a373fe2cdc4bc1c2f711c3dd652ed28e4b666a1f0d316db2c630419fff7b	0.000e+00
gh	4	3	8	9.951e-35	hermite_d4_p3_q2_n8.mp.csv	3ba5646c9d524b7fa37c75ccf6e4271cd216bf3e817a99ac06fe72cb2b07350b	6.588e-70
gh	4	5	22	1.083e-34	hermite_d4_p5_q3_n22.mp.csv	3d4332ac55ec0d1207a81273606a9c3e0464fcd231d91a0f2b357dd641ec6f53	1.807e-69
gh	4	7	49	2.088e-34	hermite_d4_p7_q4_n49.mp.csv	1291ff2149d56307e3f6e364777c900d29c5a1f77de0d0c3befbeeb3dd34de6c	7.209e-69
gh	4	9	116	2.330e-34	hermite_d4_p9_q5_n116.mp.csv	55ca55a90d905fd412d6fc86d3f8aa64a5d67322ece7d1802c2f75779dacf2f8	7.667e-80
gh	4	11	193	1.866e-34	hermite_d4_p11_q6_n193.mp.csv	8e9772f255a5b9c62f74f4a67712da3d9fb50fe264ce3a4b8817b0396fdf9804	8.262e-80
gh	4	13	414	3.682e-34	hermite_d4_p13_q7_n414.mp.csv	2d87aa32c5bfa2615526266db010e862f3bafddddf07bcdd2d2bf98eb94c7d8a	6.702e-80
gh	4	15	577	2.378e-34	hermite_d4_p15_q8_n577.mp.csv	4f3687ab450853ef07cc7037c3f55d794aef5a0b9b9267646f237f5c837008e9	7.170e-80
gh	4	17	1056	2.439e-34	hermite_d4_p17_q9_n1056.mp.csv	06bf11081aafa33fb95f5e3acfbf55d21693ea337cccd94793fdb5dd22bc8fc7	1.087e-77
gh	4	19	1505	5.624e-34	hermite_d4_p19_q10_n1505.mp.csv	484a529dd3ff2a8eaece62b30ec3c1f3d44bbfa1dcc57c768cf7966dca0a294f	1.520e-79
gh	4	21	2318	2.981e-34	hermite_d4_p21_q11_n2318.mp.csv	71965a0ee1dc323a9b33bcd9b38a858c0c297dcecff9f31c8996c7e1c73a538e	1.877e-69
gh	4	23	3238	3.647e-34	hermite_d4_p23_q12_n3238.mp.csv	28145fb5c232e16902302a64e39c4a6b2bb37e09dc2045dbe28becfec3886501	1.288e-71
gh	5	1	1	0.000e+00	hermite_d5_p1_q1_n1.mp.csv	2ab563c21656d2c9254568344b8acfe766945da740f1852cc3bafb95b7b9fd1f	0.000e+00
gh	5	3	10	1.129e-34	hermite_d5_p3_q2_n10.mp.csv	501dd590d548e1b7135eaff1d50fa77abbe81a2e93395f912a98a95d529528d9	2.158e-70
gh	5	5	32	8.858e-35	hermite_d5_p5_q3_n32.mp.csv	95e8e3ab00cce2bc6d6b4b09238c552376437438e422a4a781086a438e4c953c	2.070e-69
gh	5	7	83	1.700e-34	hermite_d5_p7_q4_n83.mp.csv	19cbf32eb2d98030de3ba00792d16ff6320fc36c337638d167589e10068d0e0f	8.226e-80
gh	5	9	244	1.590e-34	hermite_d5_p9_q5_n244.mp.csv	2ecdb564a293013adf019ef81bc541610370ecb61679f3fdcef4b11bafc296bc	5.365e-80
gh	5	11	485	2.387e-34	hermite_d5_p11_q6_n485.mp.csv	142f1d046f11ed594878168b7e0c9e87448ab5d67894aa2cec1e795e27e32de3	9.697e-80
gh	5	13	1135	3.349e-34	hermite_d5_p13_q7_n1135.mp.csv	802e84eeba93bc60b4ca7daad484c02fb7a49573d94540d2c91293841c9110ac	1.900e-79
gh	5	15	1767	3.172e-34	hermite_d5_p15_q8_n1767.mp.csv	2f90e264a94db36c61a0f10f115ebdbd6f45331a9a8961c8774bfa833638336e	5.545e-80
gh	5	17	3986	6.172e-34	hermite_d5_p17_q9_n3986.mp.csv	71d6d20752cb6014e5822d8a48277d6256585fc2ef0424b4e3fcaedafca4f410	1.428e-79
gh	5	19	7174	2.799e-34	hermite_d5_p19_q10_n7174.mp.csv	6b0e9a9ca5bdabcbba3847c4a1bbbc9b225fa2943acf1efcf35ca59a1d177ffb	2.969e-79
gh	5	21	13199	4.606e-34	hermite_d5_p21_q11_n13199.mp.csv	128e66b02b41134a01a11a50e3460317b80869d2ba4f01c7a5a113176fb287f8	9.837e-80
le	2	1	1	0.000e+00	legendre_d2_p1_q1_n1.mp.csv	bf286781583edef8b7901f9873553af86460b193af7b8a537ce8cd0ebcf21c2c	0.000e+00
le	2	3	4	2.544e-35	legendre_d2_p3_q2_n4.mp.csv	7e866bf8c748026df3713f2d6e4b91873341041ee5de8078777a6c1b005fc12f	5.245e-75
le	2	5	7	2.407e-35	legendre_d2_p5_q3_n7.mp.csv	11b144993e812fa1f21447c15ca3a892f71dcc11d51e226b34557a3be4cd20e4	1.447e-76
le	2	7	12	1.507e-35	legendre_d2_p7_q4_n12.mp.csv	4e2736a32a3ac5f54a2b3025f3e063f2e8f6c6c06e677ca84c855d7c8a0300a4	1.144e-74
le	2	9	17	1.619e-35	legendre_d2_p9_q5_n17.mp.csv	99ce3a736839d5ca89ec02fcd6d161dc0a2df79ba92917951a3392051575e607	1.438e-78
le	2	11	24	2.132e-35	legendre_d2_p11_q6_n24.mp.csv	ff0457631206348f42cba622b993f8da752c0a84f77d551a04fe2105b9b7a8cb	4.713e-73
le	2	13	33	4.549e-36	legendre_d2_p13_q7_n33.mp.csv	a5157e94da3e32173b02e7748f7eee7c60682d5e3c9f8a7be6c03b986f14a22d	4.148e-72
le	2	15	43	2.257e-35	legendre_d2_p15_q8_n43.mp.csv	931e1e11ea5af6266180c9502423f3471d0e6bea138831d4a73a6fe939b1be62	6.695e-74
le	2	17	54	1.642e-35	legendre_d2_p17_q9_n54.mp.csv	7c9a318815f0e8990607e9ac3add9c2858815ea880e29c5c724b89c08a6ca53a	1.466e-78
le	2	19	67	8.455e-36	legendre_d2_p19_q10_n67.mp.csv	6490e8b4572666ce4c104c24763b9f0fee3f7b16d654012aebc2ae06b5bea81b	1.397e-71
le	2	21	81	1.091e-35	legendre_d2_p21_q11_n81.mp.csv	44b23ae6faad0e88bdadafd2fd068937d1a8fa518de2a52d6b2c615f3f27ceb6	1.435e-78
le	2	23	96	1.062e-35	legendre_d2_p23_q12_n96.mp.csv	8d5db173a5d92d6a0a1dd165599ba515b79ef23a9eae8e1ad76919b05b7456f2	2.476e-78
le	2	25	113	5.953e-36	legendre_d2_p25_q13_n113.mp.csv	f1fd5ea29a6242be61324f9881d6c70f09c329cebe82bf033f45d1dbd8105313	1.896e-70
le	2	27	131	6.060e-36	legendre_d2_p27_q14_n131.mp.csv	0d3442211bd71d0a0a81c2c342a42c56e9433413ad0e285f2615077a4f150230	1.178e-70
le	2	29	150	8.807e-36	legendre_d2_p29_q15_n150.mp.csv	5da015a65e6606c68f9b0119dc4872f9e30cc28629ac01838c519b6a3d216248	1.295e-78
le	2	31	171	5.830e-36	legendre_d2_p31_q16_n171.mp.csv	ded92dd95ca9e294793f6b01b18a85380e8637f95fc0401d61e46d7f084f4c3a	2.681e-72
le	2	33	194	1.342e-35	legendre_d2_p33_q17_n194.mp.csv	c62a896acd6bf34a224e59d3291ccacdb34105a5eacf0a94a4c10fd3d3db38fe	2.722e-73
le	2	35	216	9.686e-36	legendre_d2_p35_q18_n216.mp.csv	41e6f60fda75c8f9d10a90e462b8311fc8c9d34aff0e44dd9ac779c94e4ac18d	1.922e-77
le	2	37	242	7.335e-36	legendre_d2_p37_q19_n242.mp.csv	e5b528a68ab4b701abb0f680821e05a063bb5cbd9e598d5d5c4c9a7f3ea859f2	5.308e-76
le	2	39	268	6.583e-36	legendre_d2_p39_q20_n268.mp.csv	190371e16c226eba98bcd43e5a29ea7bef016a5f976bf4c9ac19d327c1cdb1f2	3.119e-73
le	2	41	294	4.228e-36	legendre_d2_p41_q21_n294.mp.csv	e2ed35aa653be1b43fdcf9bd80a63906923257dcc272e090e6f6741cfe6b3183	3.790e-74
le	2	43	324	1.127e-35	legendre_d2_p43_q22_n324.mp.csv	5b6047431ddd9a08197959d2c9122a9089974759e5f6c616a5fd4dfd4f6e7677	8.643e-73
le	2	45	356	6.562e-36	legendre_d2_p45_q23_n356.mp.csv	f1eda07d68fa50eb85f40903d6deb196217eb0e7a01771ceefc0396010e56f8e	8.913e-72
le	2	47	388	4.855e-36	legendre_d2_p47_q24_n388.mp.csv	104d09dd79fa8a47b816adab029a27998564cbaaea98a87dad442cdf1d142515	2.133e-71
le	2	49	422	8.562e-36	legendre_d2_p49_q25_n422.mp.csv	44214dcd93b7494f8fbe842d1e60cd1d95856be50e56d0a8d6304af1a452a171	2.458e-78
le	2	51	456	3.856e-36	legendre_d2_p51_q26_n456.mp.csv	4b943b0d535bc485ab0f2139687889119556b90a97a5c07a8f7ee6aa62815bcd	8.068e-73
le	2	53	492	3.447e-36	legendre_d2_p53_q27_n492.mp.csv	4f49c65492d0108c7bccc020d39a74ab897318b29a5b0dd319f5f35d919b2721	7.139e-75
le	2	55	528	4.938e-36	legendre_d2_p55_q28_n528.mp.csv	9d4834f342d63be8d4c5fe56dd5d525cf1e2935212c76b1df5879a4ab627e3b2	2.688e-70
le	2	57	570	5.778e-36	legendre_d2_p57_q29_n570.mp.csv	4eb2f85a3c792c7409db466f42376ca22ced3d8fbf1e0471f9614181cb0b43a1	2.025e-71
le	2	59	606	4.264e-36	legendre_d2_p59_q30_n606.mp.csv	49ffdbb175f62fae3d8d2649aa1140ed3aa18c28297f740efe9cf936a837f625	1.201e-72
le	2	61	642	3.862e-36	legendre_d2_p61_q31_n642.mp.csv	9c517051b23a4773e0a17b15d30141414fd9bddc776eb9103ba9e64cbac39928	1.970e-78
le	2	63	692	2.811e-36	legendre_d2_p63_q32_n692.mp.csv	4744258d5d5f7c6009f1586b4d0a863d0108253c3a5a2222ebd4c72624043ebf	1.059e-74
le	2	65	732	4.344e-36	legendre_d2_p65_q33_n732.mp.csv	f2d90cbbf9e745fd605c9cce9541371f3299c19f0ae5a4c12a8d38c6541d3ceb	5.705e-71
le	2	67	780	2.511e-36	legendre_d2_p67_q34_n780.mp.csv	e508dba1af671f1403c30ab4dd58c9023ce213b6ad5a1af5832b969b716a38ba	1.953e-73
le	2	69	826	2.966e-36	legendre_d2_p69_q35_n826.mp.csv	3493bcda46dbeeb3e3a7a87b09673b915349ab9813a564738161cd15af1bd3a5	1.005e-70
le	2	71	872	4.701e-36	legendre_d2_p71_q36_n872.mp.csv	07bb25c4f5c17e049749832dbbac1c8bc1491178f4f61c7a04c2368bb8cb2868	2.139e-73
le	2	73	922	3.308e-36	legendre_d2_p73_q37_n922.mp.csv	24f28491b87e03ae1b645faf6d27666188c8a0da70a4c9d2a3387007dd8e7841	1.515e-70
le	2	75	980	4.927e-36	legendre_d2_p75_q38_n980.mp.csv	8a2fb8943e544e6bae9d62d98125a27479ec4ea9c65df6464e812843b89806e9	2.054e-70
le	2	77	1032	5.587e-36	legendre_d2_p77_q39_n1032.mp.csv	0e3ab22fe3e7ac30a967849ffc44159ea1f04fb1c3c6e3b644a314429eada79a	6.859e-74
le	3	1	1	0.000e+00	legendre_d3_p1_q1_n1.mp.csv	88d11857773d4299dcfa82b86cf66b4bf0a99983909731f89841096e1a454b4d	0.000e+00
le	3	3	6	1.797e-35	legendre_d3_p3_q2_n6.mp.csv	6d30f62a6b8882031a961f2fcccfc14c167592f4aacc8c0bf487f8ed4c11d829	1.143e-76
le	3	5	13	9.691e-36	legendre_d3_p5_q3_n13.mp.csv	b67e3e36afab705a00c5fe785fbbbff3cfaf1651d02b10d14ccf07857bad88aa	4.866e-76
le	3	7	26	1.806e-35	legendre_d3_p7_q4_n26.mp.csv	d6c11ba4e18d57fa5654d154efdd607f2fc04e7bdd386f8b547379c4d2cb18d4	6.932e-76
le	3	9	48	1.386e-35	legendre_d3_p9_q5_n48.mp.csv	aeec7f62213718b0b0914e7e54186cdb6d061ec7687426b54a46c220ae6b2dc7	6.948e-75
le	3	11	82	1.056e-35	legendre_d3_p11_q6_n82.mp.csv	f3a950459f5f5c302be2b8dabc7c97378f86da4ae565ed1afa590d6080c629de	1.890e-74
le	3	13	128	4.702e-36	legendre_d3_p13_q7_n128.mp.csv	1ddc2378b4abde332b95130ed7873d2336cd95c9c5cc6fa0d1cbdf76f883a880	5.659e-74
le	3	15	188	8.652e-36	legendre_d3_p15_q8_n188.mp.csv	bc0ade1234fde590dcd2a60d30122e16fb8475efe814d34f5a57f82f3c595f12	6.916e-74
le	3	17	266	4.883e-36	legendre_d3_p17_q9_n266.mp.csv	b869f669a6a0e0b13866884d2a277f51fae009eb9b0d192fbcf382717900a6b4	4.169e-73
le	3	19	360	2.892e-36	legendre_d3_p19_q10_n360.mp.csv	50cfb9dad52acedf403713b63f6379908c9d970bb42ad9ee62dc7fdd62a6c2da	9.579e-73
le	3	21	476	5.721e-36	legendre_d3_p21_q11_n476.mp.csv	174b571bfb36d295ab01b365bc356579d8f98a7e82cc287ea391040bd55cbd4e	1.461e-71
le	3	23	612	4.244e-36	legendre_d3_p23_q12_n612.mp.csv	d0026bec4bd479618112b5e2fd2a15e712b0d377e2bd251b493607ee05e875d0	7.176e-70
le	3	25	776	2.545e-36	legendre_d3_p25_q13_n776.mp.csv	2740b167a9cf0b7af99e4c289375e19a7362cfd54e49195579c71e423a5816db	2.203e-71
le	3	27	964	3.909e-36	legendre_d3_p27_q14_n964.mp.csv	7a803f8875d28f494bb390059cae7b71b81c331db58eece064002c046e3043b9	2.184e-75
le	3	29	1184	4.413e-36	legendre_d3_p29_q15_n1184.mp.csv	b35cb517ecdde0cc3372e0785975e680664298fe053ca94ab9a10760db71c16d	9.277e-78
le	3	31	1432	4.637e-36	legendre_d3_p31_q16_n1432.mp.csv	3230f9a5c4f606655c57ec0970ec6bc98aae5b03e513585bbc1273f6558d60dc	2.840e-76
le	3	33	1714	1.910e-36	legendre_d3_p33_q17_n1714.mp.csv	aa4b54f33e9a9847207aa8557b018d397ba2725aaaf25ef972de0a4d860969a9	6.715e-78
le	3	35	2028	3.246e-36	legendre_d3_p35_q18_n2028.mp.csv	3acfd4afbadcf3931501e6bc4a2639c0d8c76c73efcb4cdf12918cf7a8e6b5f1	2.556e-76
le	3	37	2380	2.337e-36	legendre_d3_p37_q19_n2380.mp.csv	92c26a54ec0efd3d8510afa7574f4536c89d99a9823f28adaf834097eb813b4d	1.042e-75
le	3	39	2770	2.096e-36	legendre_d3_p39_q20_n2770.mp.csv	26351f549c2e199a4372cca667926f0dda2955d71ab682911a5572a28f645e97	2.688e-74
le	3	41	3200	1.892e-36	legendre_d3_p41_q21_n3200.mp.csv	7676488d671fcdb27c9386dd4d7993638ab094cc769d6abe62dc12f118640750	7.905e-75
le	3	43	3704	2.501e-36	legendre_d3_p43_q22_n3704.mp.csv	334f40caada2a5a975f830a4ddb15cb0028b5e9b83fb3ff2c7358af028fe2ad5	4.941e-71
le	3	45	4308	3.249e-36	legendre_d3_p45_q23_n4308.mp.csv	3ae02ac6276750791435e6058465866169f7d6c7aa6c2fa1888ae6ab346df569	2.277e-71
le	4	1	1	0.000e+00	legendre_d4_p1_q1_n1.mp.csv	2515231edc72c297410e2cacb13e7c65fb408d39a3518f283ca3929f1d18e7ba	0.000e+00
le	4	3	8	1.492e-35	legendre_d4_p3_q2_n8.mp.csv	7d87d247f33431ebbfdf87b50c3a9397769994ad8b6f98fe167ed300bf21aae1	2.211e-77
le	4	5	21	1.759e-35	legendre_d4_p5_q3_n21.mp.csv	923cb6d163c3bc62dff5a94e397b87adc67a1092673580bf0e2652acbeefee6e	4.738e-76
le	4	7	54	1.545e-35	legendre_d4_p7_q4_n54.mp.csv	8b63fae7e13a5cada1eea0d9f3d9bf6a5f377a1b6d0059cc0fd355aafd6a615a	2.393e-75
le	4	9	120	1.166e-35	legendre_d4_p9_q5_n120.mp.csv	cbf7678a769a0f5274180a13c4a8038a7a33917ecb8c94c1764c20038612c00b	1.999e-74
le	4	11	234	5.154e-36	legendre_d4_p11_q6_n234.mp.csv	befbfc4f5f56df59c272199d67c2934cab11065213c0c5afbd6e83698735c647	5.360e-73
le	4	13	416	4.608e-36	legendre_d4_p13_q7_n416.mp.csv	53b1beb0b9966af056e2d608d5a46d7c52cb40a202bb109e266e5dab8e70046b	5.917e-72
le	4	15	690	4.723e-36	legendre_d4_p15_q8_n690.mp.csv	fe23fb95f85db99f58e99df07a393e6eb3c335cdf0426875ef98e72e60e5f7b0	5.942e-71
le	4	17	1078	3.402e-36	legendre_d4_p17_q9_n1078.mp.csv	7342da2987dcc067a9456f8e3abe30e16e582f4656049d96d3db6484cd388135	3.915e-71
le	4	19	1612	1.916e-36	legendre_d4_p19_q10_n1612.mp.csv	b506accc91b2802e2b5090391fe3dd693420ebccf5b789943f5c46f7d89e9c58	2.745e-70
le	4	21	2322	2.606e-36	legendre_d4_p21_q11_n2322.mp.csv	189c64a49c96ef842d658f53e668a22d2db7e1331063bf7914cd1fddc29b42a4	5.860e-71
le	4	23	3244	2.169e-36	legendre_d4_p23_q12_n3244.mp.csv	e83c40a529876656dd97f0dfd3de27138ac9d8492addb167a11f5a159ff27ee4	8.011e-76
le	5	1	1	0.000e+00	legendre_d5_p1_q1_n1.mp.csv	bb6f6653adccd2657ff12cf8049db2c7e656c37ab006b7de7a55752b86109e1b	0.000e+00
le	5	3	10	3.231e-35	legendre_d5_p3_q2_n10.mp.csv	b7f639a4cf38ea26f97366de1d7819d7bfb25e50c438e8a41fe7d26e7887bb7a	4.112e-77
le	5	5	32	1.806e-35	legendre_d5_p5_q3_n32.mp.csv	401b208447ffc493a83f8ee12b64acfc66e260b9b9778a9a9a1c6bc2fe862d4c	1.219e-75
le	5	7	100	6.211e-36	legendre_d5_p7_q4_n100.mp.csv	d8c10a52888a4b479c2e6a5c6ffd85e25efcc29f4bd7cb2262bbfb7cc271ff3a	2.879e-73
le	5	9	266	7.301e-36	legendre_d5_p9_q5_n266.mp.csv	3377226fe4f808e71236a2865b737ba43dda21ca36d62234d015a171c1b789fe	4.401e-72
le	5	11	602	7.218e-36	legendre_d5_p11_q6_n602.mp.csv	1bd4ab36080cac5753da7bfec1fa7b85fd53b3e7f4638a882dbd28cdf7567067	2.213e-72
le	5	13	1212	3.524e-36	legendre_d5_p13_q7_n1212.mp.csv	2a9b7e8093d4ef9aed46c5a920f8bf992c8890a20311341b8e0e38d363b06474	4.599e-73
le	5	15	2500	1.692e-36	legendre_d5_p15_q8_n2500.mp.csv	3115c4405a03773da511af72a2840800a0071d2a1e29866ae96607b3d37ee1d3	4.605e-73
le	5	17	3872	3.461e-36	legendre_d5_p17_q9_n3872.mp.csv	f229da88247f40962676056a29b6285b01f7d9adf71990345dddac6e1b475515	1.248e-71
le	5	19	6826	1.948e-36	legendre_d5_p19_q10_n6826.mp.csv	4f36f57ec77fd295536386a13ba31a7fb29a4a1e4b6c83687352d3045e5e6573	1.372e-78
le	5	21	10984	8.838e-37	legendre_d5_p21_q11_n10984.mp.csv	090f1bf74270fe01e27029269728cd2a8f76b8cb3fee40909597f40ac51a6087	1.125e-78
